task,sentence,layer,accuracy,macro_f1,mistakes
dialect,SA2,first,0.22023809523809523,0.16389604123359913,131
dialect,SA2,middle,0.2976190476190476,0.23716335682714396,118
dialect,SA2,final,0.19047619047619047,0.14398354199244662,136
