task,sentence,layer,accuracy,macro_f1,mistakes
dialect,SA1,first,0.23214285714285715,0.15739850427350427,129
dialect,SA1,middle,0.35714285714285715,0.2886117825056444,108
dialect,SA1,final,0.26785714285714285,0.21635975942644284,123
