task,sentence,layer,accuracy,macro_f1,mistakes,mean_confidence,mean_prob_male_for_true_F,mean_prob_male_for_true_M
gender,SA2,first,0.9940476190476191,0.9933330687725703,1,0.9570958519165202,0.0660517926043698,0.9680867100063847
gender,SA2,middle,0.9821428571428571,0.9796306025946733,3,0.9296460733557071,0.11005602451748027,0.9436169535134937
gender,SA2,final,0.9821428571428571,0.9796306025946733,3,0.9302068471690992,0.12205599575109195,0.9469418388797762
