task,sentence,layer,accuracy,macro_f1,mistakes,mean_confidence,mean_prob_male_for_true_F,mean_prob_male_for_true_M
gender,SA1,first,0.9940476190476191,0.9933330687725703,1,0.9633273514431328,0.061753441301806024,0.9748482451268128
gender,SA1,middle,0.9940476190476191,0.9932732732732732,1,0.9255042756618843,0.12247562162381538,0.94893816881764
gender,SA1,final,0.9940476190476191,0.9932732732732732,1,0.9312587337018237,0.11936112063655606,0.9565395075331882
